-- INSERT CURRENCIES
INSERT INTO public.tb_currency_type (ID, UUID, CODE, NAME, INITIALS, DECIMAL_DIGITS, PRICE_INBRL, CREATION_MOMENT, LAST_UPDATE, ACTIVE) VALUES (1, '96b9ef14-bb37-4f53-947d-1a679bbd7608', 'BRL', 'Real', 'R$', 2, 1.0, CURRENT_TIMESTAMP, null, true);
INSERT INTO public.tb_currency_type (ID, UUID, CODE, NAME, INITIALS, DECIMAL_DIGITS, PRICE_INBRL, CREATION_MOMENT, LAST_UPDATE, ACTIVE) VALUES (2, '144db3c3-8b61-4c90-8eaf-ea5b9fe560ea', 'USD', 'Dólar Americano', 'US$', 2, 5.715, CURRENT_TIMESTAMP, null, true);
INSERT INTO public.tb_currency_type (ID, UUID, CODE, NAME, INITIALS, DECIMAL_DIGITS, PRICE_INBRL, CREATION_MOMENT, LAST_UPDATE, ACTIVE) VALUES (3, 'ee621c6e-a586-45cf-b582-ea12d16714be', 'EUR', 'Euro', '€', 2, 6.73, CURRENT_TIMESTAMP, null, true);
INSERT INTO public.tb_currency_type (ID, UUID, CODE, NAME, INITIALS, DECIMAL_DIGITS, PRICE_INBRL, CREATION_MOMENT, LAST_UPDATE, ACTIVE) VALUES (4, 'f56e1b76-a6ef-4548-a511-25ae1faea3a3', 'GBP', 'Libra Esterlina', '£', 2, 7.907, CURRENT_TIMESTAMP, null, true);
INSERT INTO public.tb_currency_type (ID, UUID, CODE, NAME, INITIALS, DECIMAL_DIGITS, PRICE_INBRL, CREATION_MOMENT, LAST_UPDATE, ACTIVE) VALUES (5, '31c312d6-ca45-40eb-a3da-43d6520a7455', 'ARS', 'Peso Argentino', 'ARS', 2, 0.062, CURRENT_TIMESTAMP, null, true);
INSERT INTO public.tb_currency_type (ID, UUID, CODE, NAME, INITIALS, DECIMAL_DIGITS, PRICE_INBRL, CREATION_MOMENT, LAST_UPDATE, ACTIVE) VALUES (6, '715840a0-2976-422d-a4ff-8f6832a42265', 'CAD', 'Dólar Canadense', 'C$', 2, 4.5422, CURRENT_TIMESTAMP, null, true);
INSERT INTO public.tb_currency_type (ID, UUID, CODE, NAME, INITIALS, DECIMAL_DIGITS, PRICE_INBRL, CREATION_MOMENT, LAST_UPDATE, ACTIVE) VALUES (7, '924be1a7-722f-443c-84be-84cbe383730d', 'AUD', 'Dólar Australiano', 'AU$', 2, 4.3404, CURRENT_TIMESTAMP, null, true);
INSERT INTO public.tb_currency_type (ID, UUID, CODE, NAME, INITIALS, DECIMAL_DIGITS, PRICE_INBRL, CREATION_MOMENT, LAST_UPDATE, ACTIVE) VALUES (8, 'dc4ac05c-4653-4b16-9120-ae7294727b5c', 'JPY', 'Iene', '¥', 0, 0.0516, CURRENT_TIMESTAMP, null, true);
INSERT INTO public.tb_currency_type (ID, UUID, CODE, NAME, INITIALS, DECIMAL_DIGITS, PRICE_INBRL, CREATION_MOMENT, LAST_UPDATE, ACTIVE) VALUES (9, 'ae3b4bd9-84a0-4205-9120-600947960016', 'CNY', 'Renminbi', 'CN¥', 1, 0.8691, CURRENT_TIMESTAMP, null, true);
INSERT INTO public.tb_currency_type (ID, UUID, CODE, NAME, INITIALS, DECIMAL_DIGITS, PRICE_INBRL, CREATION_MOMENT, LAST_UPDATE, ACTIVE) VALUES (10, '4fe55abb-cf55-482e-b1fd-9b60efa22862', 'BTC', 'Bitcoin', '₿', 5, 359843.803, CURRENT_TIMESTAMP, null, true);

-- INSERT USERS
INSERT INTO public.tb_user (ID, UUID, NAME, NICKNAME, EMAIL, PASSWORD, IMAGE_URL, CREATION_MOMENT, LAST_UPDATE, ACTIVE, DEFAULT_CURRENCY_TYPE_ID) VALUES (1, 'ad173b6d-7864-30db-8fce-f93fb926cf66', 'Administrador', 'Admin', 'admin@mhc.dev.br', '$2a$10$LriBEPoPQGgk5tN5a5s3S.Hb3NMJ4Ww4SS3Gmv7G1TFpFrKbwkC5y', null, CURRENT_TIMESTAMP, null, true, 1);
INSERT INTO public.tb_profiles (USER_ID, PROFILES) VALUES (1, 1);
INSERT INTO public.tb_profiles (USER_ID, PROFILES) VALUES (1, 2);

INSERT INTO public.tb_user (ID, UUID, NAME, NICKNAME, EMAIL, PASSWORD, IMAGE_URL, CREATION_MOMENT, LAST_UPDATE, ACTIVE, DEFAULT_CURRENCY_TYPE_ID) VALUES (2, 'c50e7533-673f-3886-bfb7-9f7894ef8c9a', 'Usuário Básico', 'Basico', 'basic@mhc.dev.br', '$2a$10$TYpQkI/yuulkZux3lfmLBO3FI3K.1iHKGND/lkaj3OjVyKn6CAVv2', null, CURRENT_TIMESTAMP, null, true, 1);
INSERT INTO public.tb_profiles (USER_ID, PROFILES) VALUES (2, 2);

-- INSERT CATEGORIES
INSERT INTO public.tb_category (ID, UUID, NAME, ICON_URL, DEFAULT_FOR_ALL_USERS, CREATION_MOMENT, LAST_UPDATE, ACTIVE, USER_ID) VALUES (1, '1c098c1c-aa3d-4774-8fcf-b321f509aab0', 'Alimentação', NULL, true, CURRENT_TIMESTAMP, null, true, 1);
INSERT INTO public.tb_category (ID, UUID, NAME, ICON_URL, DEFAULT_FOR_ALL_USERS, CREATION_MOMENT, LAST_UPDATE, ACTIVE, USER_ID) VALUES (2, '223d5d01-fedc-4c01-9bac-5f220bbf988a', 'Automotivo', NULL, true, CURRENT_TIMESTAMP, null, true, 1);
INSERT INTO public.tb_category (ID, UUID, NAME, ICON_URL, DEFAULT_FOR_ALL_USERS, CREATION_MOMENT, LAST_UPDATE, ACTIVE, USER_ID) VALUES (3, '7cbd7f73-9b47-468b-a906-9576601c84c9', 'Cartão de crédito', NULL, true, CURRENT_TIMESTAMP, null, true, 1);
INSERT INTO public.tb_category (ID, UUID, NAME, ICON_URL, DEFAULT_FOR_ALL_USERS, CREATION_MOMENT, LAST_UPDATE, ACTIVE, USER_ID) VALUES (4, '64c3d223-fead-4416-969f-e134d9301624', 'Doações/Presentes', NULL, true, CURRENT_TIMESTAMP, null, true, 1);
INSERT INTO public.tb_category (ID, UUID, NAME, ICON_URL, DEFAULT_FOR_ALL_USERS, CREATION_MOMENT, LAST_UPDATE, ACTIVE, USER_ID) VALUES (5, '93a97c45-7869-4d14-8f6c-d3f37ad315d2', 'Educação', NULL, true, CURRENT_TIMESTAMP, null, true, 1);
INSERT INTO public.tb_category (ID, UUID, NAME, ICON_URL, DEFAULT_FOR_ALL_USERS, CREATION_MOMENT, LAST_UPDATE, ACTIVE, USER_ID) VALUES (6, '165e2309-ddb6-4e9d-bd0f-6a9b3714583f', 'Impostos/Tributos', NULL, true, CURRENT_TIMESTAMP, null, true, 1);
INSERT INTO public.tb_category (ID, UUID, NAME, ICON_URL, DEFAULT_FOR_ALL_USERS, CREATION_MOMENT, LAST_UPDATE, ACTIVE, USER_ID) VALUES (7, '1e6ffc3a-89df-42d7-8a32-cac43b566f24', 'Investimento', NULL, true, CURRENT_TIMESTAMP, null, true, 1);
INSERT INTO public.tb_category (ID, UUID, NAME, ICON_URL, DEFAULT_FOR_ALL_USERS, CREATION_MOMENT, LAST_UPDATE, ACTIVE, USER_ID) VALUES (8, '6fb0d299-c86a-4b9d-a905-20beeaa2ea90', 'Lazer', NULL, true, CURRENT_TIMESTAMP, null, true, 1);
INSERT INTO public.tb_category (ID, UUID, NAME, ICON_URL, DEFAULT_FOR_ALL_USERS, CREATION_MOMENT, LAST_UPDATE, ACTIVE, USER_ID) VALUES (9, 'c8a55d53-ae70-4945-86f7-d4499a48a624', 'Moradia', NULL, true, CURRENT_TIMESTAMP, null, true, 1);
INSERT INTO public.tb_category (ID, UUID, NAME, ICON_URL, DEFAULT_FOR_ALL_USERS, CREATION_MOMENT, LAST_UPDATE, ACTIVE, USER_ID) VALUES (10, '445c247c-ef63-4c9b-94ca-25682c578778', 'Pet', NULL, true, CURRENT_TIMESTAMP, null, true, 1);
INSERT INTO public.tb_category (ID, UUID, NAME, ICON_URL, DEFAULT_FOR_ALL_USERS, CREATION_MOMENT, LAST_UPDATE, ACTIVE, USER_ID) VALUES (11, '14a42b59-c5d9-42f7-b84d-ab359d2be4c4', 'Produtos de limpeza', NULL, true, CURRENT_TIMESTAMP, null, true, 1);
INSERT INTO public.tb_category (ID, UUID, NAME, ICON_URL, DEFAULT_FOR_ALL_USERS, CREATION_MOMENT, LAST_UPDATE, ACTIVE, USER_ID) VALUES (12, '654f7986-efb4-48ff-95dc-940eabb4d5f9', 'Salário', NULL, true, CURRENT_TIMESTAMP, null, true, 1);
INSERT INTO public.tb_category (ID, UUID, NAME, ICON_URL, DEFAULT_FOR_ALL_USERS, CREATION_MOMENT, LAST_UPDATE, ACTIVE, USER_ID) VALUES (13, '4a537972-ec51-41c8-9254-a6953ebbd411', 'Saque', NULL, true, CURRENT_TIMESTAMP, null, true, 1);
INSERT INTO public.tb_category (ID, UUID, NAME, ICON_URL, DEFAULT_FOR_ALL_USERS, CREATION_MOMENT, LAST_UPDATE, ACTIVE, USER_ID) VALUES (14, 'af95189c-b1bd-46af-9dac-bc0e62a8b26b', 'Saúde', NULL, true, CURRENT_TIMESTAMP, null, true, 1);
INSERT INTO public.tb_category (ID, UUID, NAME, ICON_URL, DEFAULT_FOR_ALL_USERS, CREATION_MOMENT, LAST_UPDATE, ACTIVE, USER_ID) VALUES (15, '002b3640-c9b9-4cd4-b969-524157f8d666', 'Seguros', NULL, true, CURRENT_TIMESTAMP, null, true, 1);
INSERT INTO public.tb_category (ID, UUID, NAME, ICON_URL, DEFAULT_FOR_ALL_USERS, CREATION_MOMENT, LAST_UPDATE, ACTIVE, USER_ID) VALUES (16, 'ff2de4cf-6927-477d-83de-674410a0119d', 'Tarifas bancárias', NULL, true, CURRENT_TIMESTAMP, null, true, 1);
INSERT INTO public.tb_category (ID, UUID, NAME, ICON_URL, DEFAULT_FOR_ALL_USERS, CREATION_MOMENT, LAST_UPDATE, ACTIVE, USER_ID) VALUES (17, '61a9d6f7-e433-4b39-ad84-60fa52cb4bfe', 'Trabalho', NULL, true, CURRENT_TIMESTAMP, null, true, 1);
INSERT INTO public.tb_category (ID, UUID, NAME, ICON_URL, DEFAULT_FOR_ALL_USERS, CREATION_MOMENT, LAST_UPDATE, ACTIVE, USER_ID) VALUES (18, '543c4f77-bcff-4182-8a79-e7b9a77d42e2', 'Transporte', NULL, true, CURRENT_TIMESTAMP, null, true, 1);
INSERT INTO public.tb_category (ID, UUID, NAME, ICON_URL, DEFAULT_FOR_ALL_USERS, CREATION_MOMENT, LAST_UPDATE, ACTIVE, USER_ID) VALUES (19, '378cc779-2082-4dc7-b827-a078adf496f1', 'Vestuário', NULL, true, CURRENT_TIMESTAMP, null, true, 1);
INSERT INTO public.tb_category (ID, UUID, NAME, ICON_URL, DEFAULT_FOR_ALL_USERS, CREATION_MOMENT, LAST_UPDATE, ACTIVE, USER_ID) VALUES (20, '95f61924-9185-411c-a3a7-af5848408462', 'Viagens', NULL, true, CURRENT_TIMESTAMP, null, true, 1);

INSERT INTO public.tb_category (ID, UUID, NAME, ICON_URL, DEFAULT_FOR_ALL_USERS, CREATION_MOMENT, LAST_UPDATE, ACTIVE, USER_ID) VALUES (21, '0cf23ff8-fe6c-4b8a-979d-53b54973a89', 'AAA categoria não publica', NULL, false, CURRENT_TIMESTAMP, null, true, 2);


--INSERT ACCOUNTS
INSERT INTO public.tb_account (ID, UUID, NAME, BALANCE, ACCOUNT_TYPE, CREATION_MOMENT, LAST_UPDATE, ACTIVE, CURRENCY_TYPE_ID, USER_ID) VALUES (1, 'd21161d4-2485-4699-9587-1135060f7f64', 'Carteira', 0.00, 1, CURRENT_TIMESTAMP, null, true, 1, 2);
INSERT INTO public.tb_wallet (ID) VALUES (1);

INSERT INTO public.tb_account (ID, UUID, NAME, BALANCE, ACCOUNT_TYPE, CREATION_MOMENT, LAST_UPDATE, ACTIVE, CURRENCY_TYPE_ID, USER_ID) VALUES (2, 'f05f5ff5-3c5f-4532-a30c-622386440e4c', 'Conta corrente', 0.00, 2, CURRENT_TIMESTAMP, null, true, 1, 2);
INSERT INTO public.tb_bank_account (ID, BANK_INTEREST_RATE, LIMIT_VALUE_BANK_ACCOUNT) VALUES (2, 8.00, 500.00);

INSERT INTO public.tb_account (ID, UUID, NAME, BALANCE, ACCOUNT_TYPE, CREATION_MOMENT, LAST_UPDATE, ACTIVE, CURRENCY_TYPE_ID, USER_ID) VALUES (3, 'f503c299-022f-4931-bab5-6d377c1af5e4', 'Cartão de crédito', 0.00, 3, CURRENT_TIMESTAMP, null, true, 1, 2);
INSERT INTO public.tb_credit_card (ID, CLOSING_DAY, DUE_DAY, LIMIT_VALUE_CARD) VALUES (3, 1, 10, 1000.00);

INSERT INTO public.tb_account (ID, UUID, NAME, BALANCE, ACCOUNT_TYPE, CREATION_MOMENT, LAST_UPDATE, ACTIVE, CURRENCY_TYPE_ID, USER_ID) VALUES (4, 'd8809335-7e79-4026-9a64-d679be7f26ef', 'Conta poupança', 0.00, 4, CURRENT_TIMESTAMP, null, true, 1, 2);
INSERT INTO public.tb_investment_account (ID) VALUES (4);

INSERT INTO public.tb_account (ID, UUID, NAME, BALANCE, ACCOUNT_TYPE, CREATION_MOMENT, LAST_UPDATE, ACTIVE, CURRENCY_TYPE_ID, USER_ID) VALUES (5, 'a660e2d3-0ce4-4369-9102-0828960a7ed7', 'Carteira Dólares', 0.00, 1, CURRENT_TIMESTAMP, null, true, 2, 2);
INSERT INTO public.tb_wallet (ID) VALUES (5);


--INSERT ENTRIES
INSERT INTO public.tb_entry (ID, UUID, VALUE, DESCRIPTION, DUE_DATE, PAYMENT_MOMENT, INSTALLMENT_NUMBER, NUMBER_INSTALLMENTS_TOTAL, ENTRY_TYPE, CREATION_MOMENT, LAST_UPDATE, ACTIVE, ACCOUNT_ID, USER_ID) VALUES (1, 'ae5e4515-1d6d-487b-aaa9-49693d35890c', 500.00, 'Salário', TIMESTAMP WITH TIME ZONE '2021-02-01T08:00:00Z', TIMESTAMP WITH TIME ZONE '2021-02-01T08:00:00Z', 1, 1, 1, CURRENT_TIMESTAMP, null, true, 1, 2);
UPDATE public.tb_account SET BALANCE = BALANCE + 500.00 WHERE ID = 1;

INSERT INTO public.tb_entry (ID, UUID, VALUE, DESCRIPTION, DUE_DATE, PAYMENT_MOMENT, INSTALLMENT_NUMBER, NUMBER_INSTALLMENTS_TOTAL, ENTRY_TYPE, CREATION_MOMENT, LAST_UPDATE, ACTIVE, ACCOUNT_ID, USER_ID) VALUES (2, 'edc85144-5d8f-41e7-aa56-f3d84effe68c', 24.00, 'Compra de lanche', TIMESTAMP WITH TIME ZONE '2021-02-01T22:00:00Z', TIMESTAMP WITH TIME ZONE '2021-02-01T22:00:00Z', 1, 1, 2, CURRENT_TIMESTAMP, null, true, 1, 2);
UPDATE public.tb_account SET BALANCE = BALANCE - 24.00 WHERE ID = 1;

INSERT INTO public.tb_entry (ID, UUID, VALUE, DESCRIPTION, DUE_DATE, PAYMENT_MOMENT, INSTALLMENT_NUMBER, NUMBER_INSTALLMENTS_TOTAL, ENTRY_TYPE, CREATION_MOMENT, LAST_UPDATE, ACTIVE, ACCOUNT_ID, USER_ID) VALUES (3, '301d002d-fa3f-430e-8d75-bdecfe258c95', 150.00, 'Abastecimento', TIMESTAMP WITH TIME ZONE '2021-02-02T10:00:00Z', TIMESTAMP WITH TIME ZONE '2021-02-02T10:00:00Z', 1, 1, 2, CURRENT_TIMESTAMP, null, true, 1, 2);
UPDATE public.tb_account SET BALANCE = BALANCE - 150.00 WHERE ID = 1;

INSERT INTO public.tb_entry (ID, UUID, VALUE, DESCRIPTION, DUE_DATE, PAYMENT_MOMENT, INSTALLMENT_NUMBER, NUMBER_INSTALLMENTS_TOTAL, ENTRY_TYPE, CREATION_MOMENT, LAST_UPDATE, ACTIVE, ACCOUNT_ID, USER_ID) VALUES (4, '6c47ddce-2da7-455b-84cf-44e6c6996dd4', 60.00, 'Compras Mercado', TIMESTAMP WITH TIME ZONE '2021-02-02T21:00:00Z', TIMESTAMP WITH TIME ZONE '2021-02-02T21:00:00Z', 1, 1, 2, CURRENT_TIMESTAMP, null, true, 1, 2);
UPDATE public.tb_account SET BALANCE = BALANCE - 60.00 WHERE ID = 1;

INSERT INTO public.tb_entry (ID, UUID, VALUE, DESCRIPTION, DUE_DATE, PAYMENT_MOMENT, INSTALLMENT_NUMBER, NUMBER_INSTALLMENTS_TOTAL, ENTRY_TYPE, CREATION_MOMENT, LAST_UPDATE, ACTIVE, ACCOUNT_ID, USER_ID) VALUES (5, '9e5c766c-389b-4f2b-860b-14349b4aad32', -800.00, 'Aluguel', TIMESTAMP WITH TIME ZONE '2021-02-05T08:00:00Z', TIMESTAMP WITH TIME ZONE '2021-02-05T08:00:00Z', 1, 1, 2, CURRENT_TIMESTAMP, null, true, 2, 2);
UPDATE public.tb_account SET BALANCE = BALANCE - 800.00 WHERE ID = 2;

--INSERT ENTRY_CATEGORY
INSERT INTO public.tb_entry_category (ENTRY_ID, CATEGORY_ID, VALUE) VALUES (1, 12, 500.00);
INSERT INTO public.tb_entry_category (ENTRY_ID, CATEGORY_ID, VALUE) VALUES (2, 1, 24.00);
INSERT INTO public.tb_entry_category (ENTRY_ID, CATEGORY_ID, VALUE) VALUES (3, 2, 150.00);
INSERT INTO public.tb_entry_category (ENTRY_ID, CATEGORY_ID, VALUE) VALUES (4, 1, 40.00);
INSERT INTO public.tb_entry_category (ENTRY_ID, CATEGORY_ID, VALUE) VALUES (4, 11, 20.00);
INSERT INTO public.tb_entry_category (ENTRY_ID, CATEGORY_ID, VALUE) VALUES (5, 9, 800.00);
